query,reference,generated_text,context
What kind of assistance can you provide based on the code of conduct?,"Based on the code of conduct provided, I can offer interpretative guidance on the principles in the Code, in consultation with relevant departments such as LOB Compliance, the Chief Compliance Officer, or the General Counsel. I can also report any concerns or violations of the Code or firm policies to the appropriate parties and cooperate with any investigation or inquiry. Additionally, I can provide information on reporting discrimination or harassment and the firm's expectations for consultants, agents, contract or temporary workers in relation to the Code of Conduct.","The code of conduct outlines the expectations for employees to conduct themselves with integrity at all times. It provides principles to help govern conduct with clients, customers, suppliers, vendors, shareholders, fellow employees, regulators, markets, and the communities in which we operate. The code applies to employees and directors of JPMorgan Chase & Co. and its direct and indirect subsidiaries. It is designed to be consistent with the regulatory and legal framework that governs our industry. The code is administered by Code of Conduct Compliance, and the most current version can be accessed on our firm's internal and external websites. Employees are expected to understand and uphold the principles of the code, and compliance is a condition of employment. Managers have a greater level of responsibility and must set the example, lead with integrity, and reinforce the firm's ethical culture through their words and actions. They are often the first resource for employees who have questions on ethical issues or firm policy. If unsure of the best course of action, managers are responsible for directing their employees to","Code of Conduct
About this Document
The Code of Conduct (""Code"") sets forth the expectation that employees conduct 
themselves with integrity, at all times. It provides employees with the principles to 
help govern their conduct with clients, customers, suppliers, vendors, shareholders, 
fellow employees, regulators, markets, and the communities in which we operate. 
The Code applies to the employees and directors of JPMorgan Chase & Co. (""firm"" or 
""JPMorganChase"") and its direct and indirect subsidiaries. 
The Code is designed to be consistent with the regulatory and legal 
framework that governs our industry. It may be amended as required by law, 
regulation or otherwise. All amendments are effective immediately upon posting. 
The Code is administered by Code of Conduct Compliance. The most current 
version can be accessed on our firm’s internal and external websites. 
Code of Conduct Compliance can provide interpretative guidance on the principles 
in the Code, in consultation with LOB Compliance, the Chief Compliance Officer or 
the General Counsel, as appropriate. Any waiver of the provisions of this Code or

Our Code 
of Conduct
2025

must speak up about conduct by others that might violate our Code or 
firm policies. This includes promptly reporting conduct concerns and 
cooperating as directed by our firm with any investigation or inquiry. 
We all have a responsibility to understand and uphold the principles of the 
Code. Compliance with the Code is a condition of employment. Action may 
be taken against employees who violate the Code or who fail to report the 
violations of others, up to and including termination of employment. 
Managers have an even greater level of responsibility. They must set the 
example, lead with integrity, and reinforce the firm's ethical culture 
through their words and actions. Managers are often the first resource for 
employees who have questions on ethical issues or firm policy. If unsure of 
the best course of action, managers are responsible for directing their 
employees to the correct resource. They may be held responsible for their 
failure to report misconduct, escalate appropriately, or take steps to 
address or remediate an issue. Managers must create an environment 
where others feel comfortable sharing concerns and ensure their

Code of Conduct
Code of Conduct
Our Code of Conduct represents our shared obligation to operate with the highest 
level of integrity and ethical conduct. We set high expectations and hold ourselves 
accountable. We do the right thing - not necessarily what’s easy or expedient. We 
strive to abide by the letter and spirit of the laws and regulations everywhere we do 
business and have zero tolerance for unethical behavior. Personal accountability and 
ownership are priorities at JPMorganChase. 
We play an essential role in the community by bringing people together and 
enabling companies and individuals to attain their goals. The Code of Conduct and 
firm policies are designed to encourage exceptional business relationships, enabling 
us to continually build on our proud heritage. Our purpose reminds us that the work 
we do matters and has significant impact in the communities where we operate. 
Therefore, we must always act with integrity and be responsible for our actions. 
Respect for each other as well as those with whom we do business is not only 
expected but required.
What you do and how you do it is important. We are responsible for upholding the

"
Can you provide the contact information or hotline to report violations or concerns to the relevant department?,"Yes, you can report violations or concerns to the JPMorganChase Conduct Hotline in three ways:

1. Phone: 1-855-JPMCODE (1-855-576-2633) for U.S. and Canada, or use the provided link for all other locations.
2. Online: Submit a report through the website at www.tnwgrc.com/jpmc.
3. Mobile: Scan the provided code to submit a report through the mobile app.

Additionally, for concerns specifically related to accounting, internal controls, auditing matters, or financial reporting practices, you can contact the JPMorganChase Conduct Hotline or the Office of the General Counsel of JPMorgan Chase & Co. at 383 Madison Avenue, New York, NY 10179.",The contact information or hotline to report violations or concerns to the relevant department is 1-855-JPMCODE (1-855-576-2633). You can also report anonymously through the JPMorganChase Conduct Hotline.,"independent third-party service and is available any time - night or day. You 
can also file a report online. Where permitted by applicable law, you may 
report anonymously. For more information on who to contact, refer to the 
Report a Potential Violation or Concern page . 
You are required to report violations whether they involve you or someone 
else, including other employees, consultants, contract or temporary workers, 
business partners or agents, or our customers or suppliers. Do not 
investigate potential violations yourself. Report it and the matter will be 
investigated by the appropriate parties. You must cooperate as directed by 
our firm in any investigation or inquiry. 
Just as you will be held responsible for your own actions, you can also be held 
responsible for not reporting actions you knew or should have known were in 
violation of any applicable policy, law, or regulation. Reporting to our firm 
does not prevent you from reporting conduct that you believe to be an actual 
or potential violation of law to the government or regulators. 
You must do the right thing when it comes to your own conduct, and you

Code of Conduct
1.4 Sharing Concerns
1.3.1 Manager Responsibilities
Use your voice and escalate your concerns, regardless of whether it directly 
affects you or your department. Promptly report any potential or actual 
violations of the Code, firm policy, or law or regulation related to our 
business. You are encouraged to ask questions and have open conversations 
with your manager on business and conduct issues. We rely on you to speak 
up when something is unclear. 
If you witness or suspect that something is illegal or unethical, you have the 
right and an obligation to share your concerns. You must immediately report 
to Human Resources certain charges or arrests that involve you personally, 
whether they relate to the business of our firm or not. 
There are several ways to report your concerns. You can raise issues with 
your manager, your Compliance Officer, Global Security or Human 
Resources. You can also call the JPMorganChase Conduct Hotline toll -free at 
1-855-JPMCODE (1-855-576-2633). The Hotline is operated by an

firm policy, or any law or regulation governing our business. We also strictly 
prohibit intimidation or retaliation against anyone who assists with an inquiry 
or investigation of any such violation. 
Be assured that the information you provide will be handled discreetly and 
only shared with those we must inform, such as regulators and those involved 
in investigating, resolving, and remediating the issue. Employees who have 
concerns about or are aware of possible retaliatory action must report it, 
either to their manager, Human Resources, or the JPMorganChase Conduct 
Hotline. 
6
About Report 1.0 2.0 3.0Contents 4.0
 
Closing

Code of Conduct
Report a Potential Violation or Concern
Every JPMorganChase employee has both the right and the 
obligation to report actual and potential violations of our Code 
and firm policies, as well as laws and regulations that govern 
JPMorganChase business. 
There are several ways to report a potential or actual violation 
or raise a concern. Reporting can be done anonymously, 
where permitted by law. Translation services are also available. 
JPMorganChase strictly prohibits intimidation or retaliation 
against anyone who shares a potential or actual violation of 
our Code of Conduct, in good faith, or assists with an 
investigation or inquiry. 
For concerns that are specifically related to accounting, 
internal controls, auditing matters or financial reporting 
practices, contact the JPMorganChase Conduct Hotline, or the 
Office of the General Counsel of JPMorgan Chase & Co. at 383 
Madison Avenue, New York, NY 10179.
1-855-JPMCODE (U.S. and Canada Only) 
All others – click here
Phone
Submit here
Online
Scan
Mobile Device

"
Which department is responsible for addressing employee concerns at JP Morgan Chase?,Code of Conduct Compliance is responsible for addressing employee concerns at JP Morgan Chase.,"The document does not explicitly state which department is responsible for addressing employee concerns at JP Morgan Chase. However, it mentions the JPMorganChase Conduct Hotline and the Office of the General Counsel as resources for reporting concerns. Employees can report concerns to their manager, Compliance Officer, Global Security, or Human Resources. For concerns specifically related to accounting, internal controls, auditing matters, or financial reporting practices, contact the JPMorganChase Conduct Hotline or the Office of the General Counsel.","Code of Conduct
Report a Potential Violation or Concern
Every JPMorganChase employee has both the right and the 
obligation to report actual and potential violations of our Code 
and firm policies, as well as laws and regulations that govern 
JPMorganChase business. 
There are several ways to report a potential or actual violation 
or raise a concern. Reporting can be done anonymously, 
where permitted by law. Translation services are also available. 
JPMorganChase strictly prohibits intimidation or retaliation 
against anyone who shares a potential or actual violation of 
our Code of Conduct, in good faith, or assists with an 
investigation or inquiry. 
For concerns that are specifically related to accounting, 
internal controls, auditing matters or financial reporting 
practices, contact the JPMorganChase Conduct Hotline, or the 
Office of the General Counsel of JPMorgan Chase & Co. at 383 
Madison Avenue, New York, NY 10179.
1-855-JPMCODE (U.S. and Canada Only) 
All others – click here
Phone
Submit here
Online
Scan
Mobile Device

JPMorganChase policies and restrictions on disclosing confidential information 
do not prevent employees from reporting concerns of any potential or actual 
violation to our firm's management or directors, the government, a regulator, 
employees' attorneys, or a court under seal. They also do not prevent 
employees from reporting retaliation for reporting such concerns or 
responding truthfully to questions or requests from the government, a 
regulator, or in a court of law.

Code of Conduct
1.4 Sharing Concerns
1.3.1 Manager Responsibilities
Use your voice and escalate your concerns, regardless of whether it directly 
affects you or your department. Promptly report any potential or actual 
violations of the Code, firm policy, or law or regulation related to our 
business. You are encouraged to ask questions and have open conversations 
with your manager on business and conduct issues. We rely on you to speak 
up when something is unclear. 
If you witness or suspect that something is illegal or unethical, you have the 
right and an obligation to share your concerns. You must immediately report 
to Human Resources certain charges or arrests that involve you personally, 
whether they relate to the business of our firm or not. 
There are several ways to report your concerns. You can raise issues with 
your manager, your Compliance Officer, Global Security or Human 
Resources. You can also call the JPMorganChase Conduct Hotline toll -free at 
1-855-JPMCODE (1-855-576-2633). The Hotline is operated by an

Code of Conduct
About this Document
The Code of Conduct (""Code"") sets forth the expectation that employees conduct 
themselves with integrity, at all times. It provides employees with the principles to 
help govern their conduct with clients, customers, suppliers, vendors, shareholders, 
fellow employees, regulators, markets, and the communities in which we operate. 
The Code applies to the employees and directors of JPMorgan Chase & Co. (""firm"" or 
""JPMorganChase"") and its direct and indirect subsidiaries. 
The Code is designed to be consistent with the regulatory and legal 
framework that governs our industry. It may be amended as required by law, 
regulation or otherwise. All amendments are effective immediately upon posting. 
The Code is administered by Code of Conduct Compliance. The most current 
version can be accessed on our firm’s internal and external websites. 
Code of Conduct Compliance can provide interpretative guidance on the principles 
in the Code, in consultation with LOB Compliance, the Chief Compliance Officer or 
the General Counsel, as appropriate. Any waiver of the provisions of this Code or

"
What is the process for reporting a potential violation or concern at JP Morgan Chase?,"The process for reporting a potential violation or concern at JP Morgan Chase involves several options. You can raise issues with your manager, Compliance Officer, Global Security, or Human Resources. Alternatively, you can call the JPMorganChase Conduct Hotline toll-free at 1-855-JPMCODE (1-855-576-2633) or file a report online at www.tnwgrc.com/jpmc. Reporting can be done anonymously, where permitted by law. If the concern is related to accounting, internal controls, auditing matters, or financial reporting practices, contact the JPMorganChase Conduct Hotline or the Office of the General Counsel of JPMorgan Chase & Co. at 383 Madison Avenue, New York, NY 10179. JPMorganChase strictly prohibits intimidation or retaliation against anyone who reports a potential or actual violation in good faith or assists with an investigation or inquiry.","To report a potential violation or concern at JP Morgan Chase, employees can use three methods: 1. Contact the JPMorganChase Conduct Hotline, 2. Submit a report online, or 3. Use the mobile device app. For concerns specifically related to accounting, internal controls, auditing matters, or financial reporting practices, contact the JPMorganChase Conduct Hotline or the Office of the General Counsel of JPMorgan Chase & Co. at 383 Madison Avenue, New York, NY 10179. JPMorganChase strictly prohibits intimidation or retaliation against anyone who shares a potential or actual violation of the Code of Conduct in good faith or assists with an investigation or inquiry.","Code of Conduct
Report a Potential Violation or Concern
Every JPMorganChase employee has both the right and the 
obligation to report actual and potential violations of our Code 
and firm policies, as well as laws and regulations that govern 
JPMorganChase business. 
There are several ways to report a potential or actual violation 
or raise a concern. Reporting can be done anonymously, 
where permitted by law. Translation services are also available. 
JPMorganChase strictly prohibits intimidation or retaliation 
against anyone who shares a potential or actual violation of 
our Code of Conduct, in good faith, or assists with an 
investigation or inquiry. 
For concerns that are specifically related to accounting, 
internal controls, auditing matters or financial reporting 
practices, contact the JPMorganChase Conduct Hotline, or the 
Office of the General Counsel of JPMorgan Chase & Co. at 383 
Madison Avenue, New York, NY 10179.
1-855-JPMCODE (U.S. and Canada Only) 
All others – click here
Phone
Submit here
Online
Scan
Mobile Device

You can report concerns to the JPMorganChase Conduct Hotline in 
three ways: 
1
2
3
2
About Report 1.0 2.0 3.0Contents 4.0 Closing

values that made JPMorganChase the respected company it is today. That is why it’s 
crucial to share concerns when something doesn't seem right. If you encounter or 
suspect illegal or unethical conduct, report it immediately.
Remember, your actions matter. 
Jamie Dimon
July 2025
About Report 1.0 2.0 3.0Contents 4.0
 
Closing

JPMorganChase policies and restrictions on disclosing confidential information 
do not prevent employees from reporting concerns of any potential or actual 
violation to our firm's management or directors, the government, a regulator, 
employees' attorneys, or a court under seal. They also do not prevent 
employees from reporting retaliation for reporting such concerns or 
responding truthfully to questions or requests from the government, a 
regulator, or in a court of law.

"
What are the responsibilities and duties of a manager at JP Morgan Chase according to the code of conduct?,"According to the JP Morgan Chase Code of Conduct, managers are expected to set the ""tone from the top"" and remind employees of the importance of maintaining personal integrity and adhering to the firm's high ethical standards. Managers are also responsible for fostering a diverse and inclusive work environment, encouraging exceptional business relationships, and ensuring that all employees are aware of and comply with the firm's laws and regulations. Additionally, managers are expected to provide first-class service in a first-class way and encourage others to deal fairly with clients and suppliers. Managers are also responsible for reporting any violations they know about and ensuring that the firm's resources are used responsibly.",Managers at JP Morgan Chase are expected to set the 'tone from the top' and remind employees to maintain their personal integrity and never lower their standards. They must always provide first-class service in a first-class way. Managers have an even greater level of responsibility and are often the first resource for employees who have questions on ethical issues or firm policy.,"Code of Conduct
About this Document
The Code of Conduct (""Code"") sets forth the expectation that employees conduct 
themselves with integrity, at all times. It provides employees with the principles to 
help govern their conduct with clients, customers, suppliers, vendors, shareholders, 
fellow employees, regulators, markets, and the communities in which we operate. 
The Code applies to the employees and directors of JPMorgan Chase & Co. (""firm"" or 
""JPMorganChase"") and its direct and indirect subsidiaries. 
The Code is designed to be consistent with the regulatory and legal 
framework that governs our industry. It may be amended as required by law, 
regulation or otherwise. All amendments are effective immediately upon posting. 
The Code is administered by Code of Conduct Compliance. The most current 
version can be accessed on our firm’s internal and external websites. 
Code of Conduct Compliance can provide interpretative guidance on the principles 
in the Code, in consultation with LOB Compliance, the Chief Compliance Officer or 
the General Counsel, as appropriate. Any waiver of the provisions of this Code or

Code of Conduct
Code of Conduct
Our Code of Conduct represents our shared obligation to operate with the highest 
level of integrity and ethical conduct. We set high expectations and hold ourselves 
accountable. We do the right thing - not necessarily what’s easy or expedient. We 
strive to abide by the letter and spirit of the laws and regulations everywhere we do 
business and have zero tolerance for unethical behavior. Personal accountability and 
ownership are priorities at JPMorganChase. 
We play an essential role in the community by bringing people together and 
enabling companies and individuals to attain their goals. The Code of Conduct and 
firm policies are designed to encourage exceptional business relationships, enabling 
us to continually build on our proud heritage. Our purpose reminds us that the work 
we do matters and has significant impact in the communities where we operate. 
Therefore, we must always act with integrity and be responsible for our actions. 
Respect for each other as well as those with whom we do business is not only 
expected but required.
What you do and how you do it is important. We are responsible for upholding the

Code of Conduct
Closing Thoughts
Our core values are at the heart of what we do. Managers set the “tone from the 
top” and remind employees that it is paramount for each of us to be culture 
carriers. You must always maintain your personal integrity and never lower your 
standards. Always provide first-class service in a first-class way.
The people, products and services, and dedication to integrity have made 
JPMorganChase one of the largest and most successful financial institutions in 
the world. Just as we are a leader in the financial industry, we want to be known 
as a leader in business ethics.
Our collective commitment to being accountable, straightforward, and honest in 
all of our business dealings makes JPMorganChase a respected company. 
Encourage others to deal fairly with clients and suppliers, be good stewards of 
the firm’s resources, and foster an inclusive work environment.
Remember, it is your responsibility to report any violations you know about and 
those you suspect. JPMorganChase doesn’t tolerate retaliation against anyone 
who raises an issue or concern in good faith.

must speak up about conduct by others that might violate our Code or 
firm policies. This includes promptly reporting conduct concerns and 
cooperating as directed by our firm with any investigation or inquiry. 
We all have a responsibility to understand and uphold the principles of the 
Code. Compliance with the Code is a condition of employment. Action may 
be taken against employees who violate the Code or who fail to report the 
violations of others, up to and including termination of employment. 
Managers have an even greater level of responsibility. They must set the 
example, lead with integrity, and reinforce the firm's ethical culture 
through their words and actions. Managers are often the first resource for 
employees who have questions on ethical issues or firm policy. If unsure of 
the best course of action, managers are responsible for directing their 
employees to the correct resource. They may be held responsible for their 
failure to report misconduct, escalate appropriately, or take steps to 
address or remediate an issue. Managers must create an environment 
where others feel comfortable sharing concerns and ensure their

"
What are the ethics guidelines for employees at JP Morgan Chase?,"The ethics guidelines for employees at JP Morgan Chase include conducting themselves with honesty and integrity, treating customers and suppliers fairly, exercising sound judgment, maintaining personal accountability and ownership, and adhering to the firm's culture of respect and inclusivity. Employees are expected to comply with the law and firm policies, and always act appropriately when representing the firm, both inside and outside of the workplace. They are also encouraged to report any violations they know about or suspect, and are protected from retaliation for doing so in good faith. The firm values its employees as its most valuable asset and is committed to providing a safe, healthy, and productive work environment.","The ethics guidelines for employees at JP Morgan Chase are outlined in the Code of Conduct, which emphasizes personal integrity, ethical decision-making, compliance with the law and firm policies, fair dealing with clients, suppliers, competitors, business partners, regulators, and other employees, and the importance of reporting any violations. The Code of Conduct is administered by Code of Conduct Compliance and can be accessed on the firm's internal and external websites.","Code of Conduct
Closing Thoughts
Our core values are at the heart of what we do. Managers set the “tone from the 
top” and remind employees that it is paramount for each of us to be culture 
carriers. You must always maintain your personal integrity and never lower your 
standards. Always provide first-class service in a first-class way.
The people, products and services, and dedication to integrity have made 
JPMorganChase one of the largest and most successful financial institutions in 
the world. Just as we are a leader in the financial industry, we want to be known 
as a leader in business ethics.
Our collective commitment to being accountable, straightforward, and honest in 
all of our business dealings makes JPMorganChase a respected company. 
Encourage others to deal fairly with clients and suppliers, be good stewards of 
the firm’s resources, and foster an inclusive work environment.
Remember, it is your responsibility to report any violations you know about and 
those you suspect. JPMorganChase doesn’t tolerate retaliation against anyone 
who raises an issue or concern in good faith.

Code of Conduct
1.3 Personal Integrity and Ethical Decision Making1.1 Our Ethics
1.2 Compliance with the Law and Firm Policies
The Code will help guide you in making ethical decisions, but you won’t 
find the answer to every possible situation. In the absence of a specific 
policy or procedure, you have a responsibility to use good judgment, 
comply with the spirit and the intent of the Code, and seek help from your 
manager or Compliance Officer. 
Always deal fairly and in good faith with our customers, suppliers, 
competitors, business partners, regulators, and other employees. Never 
take unfair advantage of anyone through manipulation, concealment, 
abuse of privileged or confidential information, misrepresentation of 
material fact, or any other unfair dealings or practices. 
Our competitive advantage comes through our superior products and 
services, never through unethical or illegal business practices. 
JPMorganChase is committed to complying with both the laws and 
regulations that address market integrity. Be mindful of sharing 
information and your interactions with competitors. Refrain from any

Code of Conduct
About this Document
The Code of Conduct (""Code"") sets forth the expectation that employees conduct 
themselves with integrity, at all times. It provides employees with the principles to 
help govern their conduct with clients, customers, suppliers, vendors, shareholders, 
fellow employees, regulators, markets, and the communities in which we operate. 
The Code applies to the employees and directors of JPMorgan Chase & Co. (""firm"" or 
""JPMorganChase"") and its direct and indirect subsidiaries. 
The Code is designed to be consistent with the regulatory and legal 
framework that governs our industry. It may be amended as required by law, 
regulation or otherwise. All amendments are effective immediately upon posting. 
The Code is administered by Code of Conduct Compliance. The most current 
version can be accessed on our firm’s internal and external websites. 
Code of Conduct Compliance can provide interpretative guidance on the principles 
in the Code, in consultation with LOB Compliance, the Chief Compliance Officer or 
the General Counsel, as appropriate. Any waiver of the provisions of this Code or

Code of Conduct
Code of Conduct
Our Code of Conduct represents our shared obligation to operate with the highest 
level of integrity and ethical conduct. We set high expectations and hold ourselves 
accountable. We do the right thing - not necessarily what’s easy or expedient. We 
strive to abide by the letter and spirit of the laws and regulations everywhere we do 
business and have zero tolerance for unethical behavior. Personal accountability and 
ownership are priorities at JPMorganChase. 
We play an essential role in the community by bringing people together and 
enabling companies and individuals to attain their goals. The Code of Conduct and 
firm policies are designed to encourage exceptional business relationships, enabling 
us to continually build on our proud heritage. Our purpose reminds us that the work 
we do matters and has significant impact in the communities where we operate. 
Therefore, we must always act with integrity and be responsible for our actions. 
Respect for each other as well as those with whom we do business is not only 
expected but required.
What you do and how you do it is important. We are responsible for upholding the

"
What should employees do if they witness illegal activity within the company?,"Employees should report any illegal activity they witness within the company to their manager, Compliance Officer, Global Security, or Human Resources. They have the right and obligation to share their concerns and are encouraged to ask questions and have open conversations with their manager on business and conduct issues. If they witness or suspect something is illegal or unethical, they must immediately report it. They are also protected from retaliation for reporting such concerns. If they have access to confidential or material, non-public information, they must protect it from unauthorized use and never use it for personal gain or share it with others. Insider trading is strictly prohibited by firm policies.","Employees should report conduct concerns and cooperate with any investigation or inquiry. They are required to report violations, whether they involve themselves or others, and must cooperate in any investigation or inquiry. Managers have a greater responsibility to set an example and reinforce the firm's ethical culture.","must speak up about conduct by others that might violate our Code or 
firm policies. This includes promptly reporting conduct concerns and 
cooperating as directed by our firm with any investigation or inquiry. 
We all have a responsibility to understand and uphold the principles of the 
Code. Compliance with the Code is a condition of employment. Action may 
be taken against employees who violate the Code or who fail to report the 
violations of others, up to and including termination of employment. 
Managers have an even greater level of responsibility. They must set the 
example, lead with integrity, and reinforce the firm's ethical culture 
through their words and actions. Managers are often the first resource for 
employees who have questions on ethical issues or firm policy. If unsure of 
the best course of action, managers are responsible for directing their 
employees to the correct resource. They may be held responsible for their 
failure to report misconduct, escalate appropriately, or take steps to 
address or remediate an issue. Managers must create an environment 
where others feel comfortable sharing concerns and ensure their

or tell, “tip”, or share information you learned through work with others. 
Insider trading is illegal and strictly prohibited by firm policies. Always use 
care when working away from the office and ensure your workspace 
provides proper privacy.
While the exchange of gifts and business hospitality may be a common 
business practice, such activity can be misinterpreted or suggest the 
appearance of something improper, even when there is no improper intent. 
Avoid accepting or providing gifts and business hospitality to customers, 
suppliers, and business partners of the firm if it creates a perceived or actual 
conflict of interest or violates laws, regulations, or our firm's policies. 
Employees should never solicit, suggest, or request gifts or business 
hospitality in exchange for firm business or an unfair advantage. 
2.5 Political Engagement
We respect your right to engage in personal political activity. Your political 
activities are personal endeavors, but you must be mindful of potential 
impact to the firm's reputation. Your contributions and activities must be 
lawful, consistent with firm policies, and may not disrupt the firm or involve

independent third-party service and is available any time - night or day. You 
can also file a report online. Where permitted by applicable law, you may 
report anonymously. For more information on who to contact, refer to the 
Report a Potential Violation or Concern page . 
You are required to report violations whether they involve you or someone 
else, including other employees, consultants, contract or temporary workers, 
business partners or agents, or our customers or suppliers. Do not 
investigate potential violations yourself. Report it and the matter will be 
investigated by the appropriate parties. You must cooperate as directed by 
our firm in any investigation or inquiry. 
Just as you will be held responsible for your own actions, you can also be held 
responsible for not reporting actions you knew or should have known were in 
violation of any applicable policy, law, or regulation. Reporting to our firm 
does not prevent you from reporting conduct that you believe to be an actual 
or potential violation of law to the government or regulators. 
You must do the right thing when it comes to your own conduct, and you

firm policy, or any law or regulation governing our business. We also strictly 
prohibit intimidation or retaliation against anyone who assists with an inquiry 
or investigation of any such violation. 
Be assured that the information you provide will be handled discreetly and 
only shared with those we must inform, such as regulators and those involved 
in investigating, resolving, and remediating the issue. Employees who have 
concerns about or are aware of possible retaliatory action must report it, 
either to their manager, Human Resources, or the JPMorganChase Conduct 
Hotline. 
6
About Report 1.0 2.0 3.0Contents 4.0
 
Closing

"
"Does JP Morgan Chase have a non-retaliation policy, and if so, what does it entail?","Yes, JP Morgan Chase has a non-retaliation policy. The policy strictly prohibits intimidation or retaliation against anyone who makes a good faith report about a potential or actual violation of the Code, firm policy, or any law or regulation governing the business. It also prohibits retaliation against anyone who assists with an inquiry or investigation of such a violation. Employees who have concerns about possible retaliatory action are encouraged to report it to their manager, Human Resources, or the JPMorganChase Conduct Hotline. The information provided will be handled discreetly and only shared with those who need to know. JPMorganChase strictly prohibits retaliation against anyone who reports violations in good faith.","Yes, JP Morgan Chase has a non-retaliation policy. According to the Code of Conduct, the firm's policies and restrictions on disclosing confidential information do not prevent employees from reporting concerns of any potential or actual violation to the firm's management or directors, the government, a regulator, employees' attorneys, or a court under seal. Employees are also allowed to report retaliation for reporting such concerns or responding truthfully to questions or requests from the government, a regulator, or in a court of law. The firm strictly prohibits intimidation or retaliation against anyone who assists with an inquiry or investigation of any such violation. Employees who have concerns about or are aware of possible retaliatory action must report it, either to their manager, Human Resources, or the JPMorganChase Conduct Hotline.","JPMorganChase policies and restrictions on disclosing confidential information 
do not prevent employees from reporting concerns of any potential or actual 
violation to our firm's management or directors, the government, a regulator, 
employees' attorneys, or a court under seal. They also do not prevent 
employees from reporting retaliation for reporting such concerns or 
responding truthfully to questions or requests from the government, a 
regulator, or in a court of law.

firm policy, or any law or regulation governing our business. We also strictly 
prohibit intimidation or retaliation against anyone who assists with an inquiry 
or investigation of any such violation. 
Be assured that the information you provide will be handled discreetly and 
only shared with those we must inform, such as regulators and those involved 
in investigating, resolving, and remediating the issue. Employees who have 
concerns about or are aware of possible retaliatory action must report it, 
either to their manager, Human Resources, or the JPMorganChase Conduct 
Hotline. 
6
About Report 1.0 2.0 3.0Contents 4.0
 
Closing

© 2025 JPMorgan Chase & Co.
All rights reserved.
July 2025

gender expression, intersex status, genetic information, physical or mental 
disability or protected condition, military or veteran status, an individual 
having been a victim of domestic violence, sexual assault or abuse, an 
individual being the victim of a crime, any other community group 
protected under applicable law, or any other status protected under 
applicable local law.
We do not tolerate discrimination, harassment, or inappropriate or abusive 
conduct by or against employees, customers, suppliers, contractors, or 
any other individuals who conduct business or seek to do business with 
our firm based on race, color, ethnicity, religion, religious affiliation, 
religious views, national origin or ancestry, gender, military status, 
disability, marital or familial status, political opinions, speech, or affiliations, 
age, or any status protected under applicable local law. 
We take all allegations of discrimination or harassment seriously. It is each 
employee's responsibility to report any concern or conduct that is or may 
be unlawful, abusive, or otherwise violates firm policies. 
Nothing is more vital to the long-term growth of JPMorganChase than

"
"Are employees allowed to exchange gifts with external individuals with whom they have a professional relationship, but who are not employed by JP Morgan Chase?","According to the provided context from JPMorganChase's Code of Conduct, employees should avoid accepting or providing gifts and business hospitality to customers, suppliers, and business partners of the firm if it creates a perceived or actual conflict of interest or violates laws, regulations, or the firm's policies. While the exchange of gifts may be common business practices, it can be misinterpreted or suggest the appearance of something improper. Therefore, it is recommended that employees avoid exchanging gifts with external individuals with whom they have a professional relationship, but who are not employed by JP Morgan Chase, to prevent any potential conflicts of interest or the appearance of impropriety.","Based on the provided document, there is no explicit policy regarding exchanging gifts with external individuals with whom employees have a professional relationship but are not employed by JP Morgan Chase. However, the general principle of avoiding gifts and business hospitality that could create a conflict of interest or violate laws, regulations, or firm policies still applies. It is recommended to exercise caution and discretion in such situations.","or tell, “tip”, or share information you learned through work with others. 
Insider trading is illegal and strictly prohibited by firm policies. Always use 
care when working away from the office and ensure your workspace 
provides proper privacy.
While the exchange of gifts and business hospitality may be a common 
business practice, such activity can be misinterpreted or suggest the 
appearance of something improper, even when there is no improper intent. 
Avoid accepting or providing gifts and business hospitality to customers, 
suppliers, and business partners of the firm if it creates a perceived or actual 
conflict of interest or violates laws, regulations, or our firm's policies. 
Employees should never solicit, suggest, or request gifts or business 
hospitality in exchange for firm business or an unfair advantage. 
2.5 Political Engagement
We respect your right to engage in personal political activity. Your political 
activities are personal endeavors, but you must be mindful of potential 
impact to the firm's reputation. Your contributions and activities must be 
lawful, consistent with firm policies, and may not disrupt the firm or involve

of someone you know personally) conflict with the interests of 
JPMorganChase or one of its clients. 
Do not engage in self-dealing or act for the firm in any transaction or 
business relationship that involves yourself, members of your family, or 
other people or organizations where you or your family have a significant 
personal connection or financial interest. 
8
About Report 1.0 2.0 3.0Contents 4.0
 
Closing

JPMorganChase policies and restrictions on disclosing confidential information 
do not prevent employees from reporting concerns of any potential or actual 
violation to our firm's management or directors, the government, a regulator, 
employees' attorneys, or a court under seal. They also do not prevent 
employees from reporting retaliation for reporting such concerns or 
responding truthfully to questions or requests from the government, a 
regulator, or in a court of law.

before sharing it with anyone. Confidential information should never be 
disclosed to anyone inside or outside our firm except as permitted by law, in the 
proper conduct of our business, where disclosure is required by legal process, 
or where the Compliance or the Legal Department otherwise determines it is 
appropriate. The loss or unauthorized disclosure of confidential information 
may harm our firm and its clients and may result in termination of employment. 
Working remotely is considered an extension of the workplace. Uphold the 
firm's standards for securing our confidential information. Exercise the same 
degree of care in protecting confidential information away from the office as 
you do when working in the office. Only use approved communication channels 
to conduct JPMorganChase business. 
11
About Report 1.0 2.0 3.0Contents 4.0
 
Closing
Your responsibility to protect confidential information also applies to work you 
may have done before coming to JPMorganChase. Sharing confidential 
information from a former employer is unethical and can expose you and 
JPMorganChase to legal liabilities.

"
What guidelines or policies govern how employees are expected to manage information within the organization?,"Employees are expected to manage information within the organization in accordance with the firm's Code of Conduct, specifically the section on Managing Information. They must protect confidential information from theft, loss, or unauthorized access or disclosure and only share it with authorized individuals or as required by law. Employees are also responsible for maintaining accurate and complete data, and creating and sharing information that meets legal and regulatory requirements. Managers have an even greater level of responsibility to set the example, lead with integrity, and reinforce the firm's ethical culture. Employees should report any concerns or violations of these policies and are expected to comply with all recordkeeping policies, controls, and procedures. Violating these policies can result in termination of employment.","Employees are expected to manage information within the organization in accordance with the Code of Conduct and associated policies. This includes protecting confidential or material, non-public information from unauthorized use, discussing or using such information only when there is a legitimate business need, and avoiding the use of personal devices or applications not approved by the firm. Employees must also report any concerns of potential or actual violations to the firm's management or directors, the government, a regulator, employees' attorneys, or a court under seal. Managers have a greater level of responsibility, setting the example, leading with integrity, and reinforcing the firm's ethical culture through their words and actions.","Code of Conduct
3.1 Managing Information
As an employee of a publicly traded company, you may have access to 
confidential or material, non-public information about our firm, clients and other 
companies that conduct or seek to do business with us. You must protect this 
information from unauthorized use, including from other employees who do not 
have a legitimate and continuous business need to access the information. 
Customers, suppliers, employees, and others who do business with our firm 
trust us to be good stewards of their financial, personal, and business 
information. No matter the format, protect information you manage on behalf of 
the firm from theft, loss, or unauthorized access or disclosure. Do not discuss, 
access, or use confidential and/or proprietary information unless you have a 
legitimate business need to do so. Do not use personal devices or applications 
that are not approved by the firm (e.g., Otter, Rocketbook, Code Beautification, 
or personal email domains) to manage or send information related to the firm’s 
business.
Your duty to protect confidential information includes taking precautions

must speak up about conduct by others that might violate our Code or 
firm policies. This includes promptly reporting conduct concerns and 
cooperating as directed by our firm with any investigation or inquiry. 
We all have a responsibility to understand and uphold the principles of the 
Code. Compliance with the Code is a condition of employment. Action may 
be taken against employees who violate the Code or who fail to report the 
violations of others, up to and including termination of employment. 
Managers have an even greater level of responsibility. They must set the 
example, lead with integrity, and reinforce the firm's ethical culture 
through their words and actions. Managers are often the first resource for 
employees who have questions on ethical issues or firm policy. If unsure of 
the best course of action, managers are responsible for directing their 
employees to the correct resource. They may be held responsible for their 
failure to report misconduct, escalate appropriately, or take steps to 
address or remediate an issue. Managers must create an environment 
where others feel comfortable sharing concerns and ensure their

JPMorganChase policies and restrictions on disclosing confidential information 
do not prevent employees from reporting concerns of any potential or actual 
violation to our firm's management or directors, the government, a regulator, 
employees' attorneys, or a court under seal. They also do not prevent 
employees from reporting retaliation for reporting such concerns or 
responding truthfully to questions or requests from the government, a 
regulator, or in a court of law.

3.0 Managing Information

"
